arrival_rate,service_rate,num_servers,avg_wait_time
5.684301580488142,7.37347018021048,2,0.02571889035344382
4.346034775985993,13.382485698776158,1,0.023297398382146613
7.094669689967297,8.785474019925315,1,0.40222324110823787
2.033414472658882,13.492671135503487,1,0.011396265536804126
5.778726330900948,8.222201888360235,1,0.13186929182729376
4.928793269298112,10.72352007174506,3,0.0007724400034054243
5.958809453745532,14.79443678486056,1,0.06775909306867109
4.532125326974272,8.048396135597375,4,0.00013197163237374916
7.838086226963573,14.897157404855424,1,0.08269233332181086
9.739431651878773,14.565684898539988,4,0.00012354625515915453
5.023204247528796,7.950471788767497,2,0.004960134721020041
1.636367792570547,9.507893173395788,3,0.0
5.9429102229863,5.261869760732784,3,0.010224657676184815
2.8884202834976325,7.600678696095656,2,0.00835450472772124
1.4223346068115552,12.809096430225617,5,0.0
5.465001542766478,14.00163186349586,4,0.0
9.548472415958914,7.685893918629828,4,0.003317548404948157
3.20906407650888,3.3614257505511804,1,1.2610015401172807
1.522952730698389,7.779117670265669,4,0.0
8.52669554738069,11.930694406744259,3,0.002407000862313986
5.880535068850077,7.206807960396813,1,0.43461801167185926
4.236695429895158,2.804341610801182,5,0.001934789624287573
2.3730099416004538,2.7531250321050056,1,1.2667115502465196
1.7198727257914213,4.71771083567219,3,0.0005573149299761852
7.91175509018162,8.400696476076256,5,0.00015844783903407855
4.954655201684095,6.8499508781460134,5,0.0
3.8216026641243337,14.676857717436437,4,0.0
7.891813458988923,2.0877802748882286,3,4.374690613547487
4.982215189029587,7.595970391936263,2,0.025235507380010565
5.390233062262269,2.0079448238943103,2,7.613340462650458
4.033113477718736,3.2353928210666094,3,0.03603928790882349
8.423997581699759,7.714564453059509,1,0.7924359202248015
8.476693916132465,10.076412263734708,1,0.47778370375155177
6.445953663494775,12.434623651547067,3,0.0002985824589964339
3.441446466259483,5.099183663973278,1,0.37850236550985783
8.051551447609626,7.486210195756071,1,5.456465112257959
1.6259092490923397,6.6027245609813985,2,0.0008558250271828167
6.060564284724077,14.351099657865884,3,0.0
4.18249506970416,9.28961402608659,3,0.0011466859250372494
8.28607725057159,11.02109145656314,5,0.0
9.398559683604319,10.190734927921094,5,0.00023393222549442162
9.079465875011246,3.3523896212319713,3,0.4094486125521781
5.490030441208545,8.048520665978305,3,0.001859945886378989
5.649355497096105,10.926395247294028,4,4.0115056264542394e-05
6.535920065528021,12.813274402089997,5,0.0
9.563724056218582,11.580356113193332,1,0.24752378659852284
5.312281327326131,7.312802741633588,5,0.0
8.955842466658796,7.52590068267766,4,0.0028672344061881636
9.656109176899033,14.423920514416105,3,0.0017791973521590933
8.872345543310496,8.922420030512278,3,0.006050094620465446
1.2559982616868401,9.346851441743407,2,0.0005722150727449234
1.4323980005597416,8.236211465209013,1,0.042177434838803055
5.371590211971657,6.145242319858292,2,0.06789780497811544
3.8849604634986017,11.900030667467103,3,0.0
3.9243596039291235,12.906920769256496,5,0.0
5.449440841568493,13.367879094099177,3,4.88885658399632e-05
4.900271121263332,9.374903042358314,5,0.0
1.428432304080903,11.330344658691251,1,0.01405307305845407
5.823237177159076,14.980583217528094,5,0.0
3.106714749632446,5.490522397427649,3,0.008556651098593573
4.927776752179755,13.833798485351668,1,0.04188431348046263
6.867507504578381,9.092736618889091,4,0.0003062966740580163
1.905086458153467,14.444191632386518,3,0.0
8.966743353037138,13.42949634125653,3,0.0004044171850878181
9.650785070500184,4.587692268522387,5,0.0028173483000624193
4.681296902790189,4.725869823641639,3,0.003399722457518396
9.670865753251565,9.590370346760103,1,1.8410285278661993
9.736642666908308,12.857911856111189,3,0.0020769639250716515
3.218743296275415,6.416030708272057,2,0.010193653538431328
3.5058788312058913,3.2863560380353904,4,0.0
5.844219828010053,8.503996347089108,3,0.0006362664312597206
8.500044637648713,13.170794716251182,3,0.00029393398982831205
5.16224620696442,14.64388556402142,5,0.0
7.781261865519214,11.91891511658455,5,0.00036679752776759707
6.440807734868632,12.66199784235754,3,0.00012509717075029312
8.037126218545982,14.557997000654717,1,0.08663724180223031
7.150478374765601,2.8287222161419483,3,0.27268455286759435
9.692065291860276,4.016844349838402,5,0.01661788626748164
1.9496731548428334,7.497855562688528,5,0.0
8.158791365340388,9.855161739004942,1,0.3891362241198741
1.8244204402386008,14.27474932739118,5,0.0
3.7477172037139503,13.29768148081885,2,0.0005770188233553975
5.298429097434271,9.31662958691372,5,0.0
1.8030028203684336,11.17485856536172,1,0.022844595672343232
7.406201214745197,12.405126866577207,5,0.0
6.181358112498635,4.954447183538428,2,0.10209897646818442
8.67188139232299,11.644834007940126,4,0.0002255622301779267
9.70389247266167,12.591379417199109,1,0.3111441280237334
5.632946270376282,10.963048410198265,2,0.005277681278970253
4.646390177532696,3.4538323392571524,2,0.20277618429797678
9.715062358936452,6.69508940884884,4,0.0014473018272595831
3.149628963505295,2.601702779565078,2,0.10886641060222679
6.658909231854456,5.6576805399045185,5,0.0
4.4676424617185875,12.685816570189852,4,0.0
6.159292698685495,10.53155284161999,1,0.14525841882970958
9.532899908608057,4.874864923641194,5,0.002411671836245372
2.822755902289453,10.600173975566367,1,0.05665518215886103
3.989745170750676,6.623199864759835,2,0.006867402188175497
8.540150704601167,8.630737139518725,2,0.0216067726753487
7.956486284018001,6.194358927745387,3,0.007987262227661851
2.911635486072161,3.7381111982880224,5,0.0
3.2133403582235482,11.41203175838735,2,0.0015940896528560948
9.412908660420781,11.6312547254352,2,0.011520955408736587
5.0373433198870785,11.121808231623714,5,0.0
6.711749373843611,8.381001917681148,2,0.018216402767735205
3.3686150089396727,7.56966862346654,4,0.0
9.219613766064152,10.662378306820695,5,0.00010451156229215037
3.451230672900225,12.36736575942441,4,0.0
6.080518093569996,4.500353025018579,1,4.49106562689682
3.059799522078529,10.276592165584384,1,0.028864256741578005
1.7664460456254774,14.474887731718402,1,0.0019941773664684365
7.295918285897766,8.074514219254407,4,0.0004889788781387904
9.368589738006115,9.188137113067427,2,0.031139273620484485
4.481056693339286,3.021268319670181,1,7.73187813117227
8.551974901393342,7.943947298576728,2,0.03721291704163509
5.372950988252285,6.07120409699669,4,0.0004161468978054504
4.21983966009816,7.557851938643643,5,0.0
1.9908614896169323,11.066127160941841,5,0.0
9.203577083452164,14.599948546993764,4,8.431165594165818e-05
6.99734384913209,7.621959796899001,5,0.0
9.518384374426006,4.919851116567466,5,0.0013016137837835616
7.419211488714708,9.293346628925303,2,0.00955234647582958
3.393034858685255,5.448722093276302,2,0.031375713727209195
3.9420770881222116,6.9204299852303075,5,0.0
7.778662630680733,5.956404812753699,5,0.0009942251934750143
3.2034387146534544,14.905802314235913,2,0.0005758792791472652
4.137236407081686,2.1106549708745344,1,13.995461830980934
7.016069560468338,9.514683846978086,4,0.0001038246564053785
2.9718790686787324,8.835525778223973,2,0.004076818588656652
1.5805829981388297,9.36620623626479,4,0.0
8.881839537604122,7.804335759035516,1,0.8427586445905347
4.575783501795178,10.612843275525371,1,0.057228247008497254
2.036435563402789,14.164365705943554,5,0.0
5.552836197664055,9.005901385294205,4,0.0
5.190327079450214,2.671766052538026,2,1.4152383053603557
1.21659030019101,3.808716958012121,4,0.0
4.998243291481526,14.539404949656245,3,2.184801577941556e-05
9.847947785857688,11.112856522404604,4,0.00022854893246499115
4.406754957667361,4.209229326592911,4,0.0
5.608875802674748,11.800333414182797,1,0.0867910446036469
5.522414103119582,11.981681289591707,4,2.2974723674947705e-07
7.3808497001778335,3.4921730200461925,2,2.2975355752556688
9.859796541622735,14.447294232939349,4,9.368879337936054e-05
4.126883443199179,12.28580987242775,5,0.0
2.139302902976249,4.884945979543483,4,0.0
2.100981755694661,2.1685350444531903,5,0.0
6.328539647782591,10.674835509208805,5,0.0
1.3094195812218965,11.258832387158025,4,0.0
3.15671884028191,11.41172635015674,4,0.0
9.64240189351969,14.023146402883954,2,0.006661938145416204
1.8587462674500632,8.698301316300515,1,0.01536381812568695
6.2340302606449844,8.841888555511511,5,0.0
2.6254790544135242,9.197973405859532,5,0.0
9.302200129341756,5.977602514953711,4,0.005480360342089541
5.756765838029478,4.235270100642108,5,0.00028487573013000997
5.2180267897686,10.722170556251262,4,0.0
6.502547647988753,8.525541633429192,5,0.0
5.132861840314714,11.965960589420384,5,0.0
1.7453230899076795,13.67656600898547,3,0.0
8.086661400514004,10.616951564367843,2,0.010089891139792855
5.531450346788509,7.875974761763642,2,0.023497513942687526
9.148737376598788,4.321300317370412,1,14.806613835185711
8.374911336461041,11.716120073911885,3,0.0004754925738313345
9.537886861973202,5.596090527830537,2,0.21466183938777292
3.7859941194810984,13.48616469397258,4,0.0
9.751309646955521,13.872798107368357,4,1.2228222696563763e-05
6.023829706401148,2.778509657818878,1,15.183204163564541
4.134427610497594,12.094564439162095,1,0.046681892169608816
9.861757927603708,5.675102932535531,4,0.00436414761704517
3.8869815779285553,6.994701023426331,5,0.0
3.9042555522557185,5.070538627632127,1,0.9931146014320331
2.7617698201790866,12.831849177442656,5,0.0
9.487916188548114,5.588500818741161,5,0.00092364987120134
7.5179220667424875,4.885540431745881,3,0.016352574429392207
2.7989206104822064,4.753647100165527,3,0.0025783231008145594
8.122348373462653,6.697724688607266,5,0.000493983586773992
2.075703445101115,2.9033358501384523,1,0.5097959830225783
4.6270129763241465,6.579173680712405,3,0.0022820789970433714
2.637018414660112,13.406142839785158,2,0.0
6.795039353879385,6.98430720386329,5,0.0
6.326379538876876,8.316717035275946,5,0.0
9.811584160025971,10.10025696669838,5,7.998941583468152e-05
9.48437790028513,12.378985550239287,2,0.012279567164651155
2.245743277434616,4.167043709404972,3,0.003086026629052722
3.3365272144431612,12.226272762531996,4,0.0
1.1629032213573829,6.906396145211706,4,0.0
4.118444882218624,14.655617347164615,5,0.0
6.358863921574035,12.888516319466603,2,0.002001848023155021
4.303702239723849,4.168648445567539,3,0.009506551820824402
4.162080355730514,5.129059402116752,5,0.0
8.882939900879556,10.401526546435951,5,0.0004264366931432435
1.8023416984146685,10.162575976540312,2,0.0005483917186643437
9.811983942199562,4.477307782369781,5,0.004854286982529114
2.7984124539634085,11.407083626285663,3,0.0
4.485716404747542,12.892529745357278,4,0.0
8.91305984872221,3.379507064313262,4,0.05956022385358094
6.658212772713779,3.3662502441750335,4,0.02287698433808269
6.14223547042512,9.912818207003138,2,0.008580328284051673
1.9736960202880471,4.177838003055648,5,0.0
6.179072761800307,14.548478255954514,5,0.0
3.3032583799608815,4.990492038072491,5,0.0
5.862026888539345,6.101593732046555,5,0.0005500074956965163
9.882599590193493,7.381762292992273,1,5.214936586493986
6.679827793620257,7.622502066109429,2,0.03967677331637535
7.512407332119846,9.105505733711398,3,0.0018632595068797683
2.0031183134429598,7.479864700144006,3,0.0
3.5007213279742424,3.946054538545562,1,2.4205606002101447
8.118506750339277,12.163759637903542,3,0.0012750186546321247
5.407737237025115,3.398758732604885,2,0.4137891377344331
6.3314577887434815,7.551068459706607,4,0.00031949880988612
3.502431804556767,11.785936207268774,1,0.03053265473289917
5.995694707821785,7.952521952773573,1,0.6328976705930585
7.240417026029454,12.383123559894681,3,0.0020480474416352057
2.3882945702329574,7.809321736625965,2,0.00260196211979101
1.2700467258599175,6.085427148262373,5,0.0
8.638846055229282,14.15057544087092,5,0.0
7.453644902411741,7.523063779883956,5,0.00015684976654963453
1.9959396774944387,9.883797907147262,1,0.023551935075584354
9.792448502651514,11.14709354074252,4,0.0003391673879334109
6.098167096900681,9.504839839340761,4,0.00018670857453584672
1.4781230373258876,13.032732528235343,5,0.0
7.2255049819400945,4.916156590583501,5,1.811837895560121e-05
8.744923642504258,11.468767979616162,3,0.0022132873349924903
6.837124305855214,13.597265701536951,1,0.0627464671405828
9.864652959473927,4.92733308589221,1,10.05378213590092
1.9263133798612542,13.166450281829809,3,0.0
2.2072189157060316,2.1100168139294992,5,0.0
8.86077613920236,12.348057201359968,4,0.0006599255656056254
9.241428277751046,12.79212369740514,5,0.0
5.20564063748794,7.022536515656473,5,0.0
7.871982423369692,12.753746212092445,1,0.1324928262866907
3.4908524660102502,9.288076060921608,4,0.0
5.113725760610557,5.443214737620447,1,2.74715525492186
9.386265249540271,10.443202421611097,4,0.0008944280796336305
7.012942412924677,11.656741580936327,4,0.00020497141124415207
9.960533153023105,14.21596154642266,4,5.798915667496582e-05
1.8306506825025426,2.94425442156513,3,0.0
2.491791939887354,3.382130335103815,1,0.27968040679696626
5.69340262838571,4.937059583397292,5,0.0
2.3599018830402247,4.923470644831351,2,0.014782074406079374
1.3982397218868616,6.68810806746129,4,0.0
4.028609181359325,5.776682393774542,3,0.0034031732518511482
2.6120019087230917,13.750004787793474,4,0.0
3.264653964317877,13.075313368010438,4,0.0
6.719717198735026,11.709803936932579,2,0.011680758710172686
9.1082236051313,5.948002768078586,3,0.025996131975984986
8.218121177485468,6.298737091040462,5,0.0008846726849622924
2.7378179895958965,7.321473618725025,3,0.0
3.182589961736139,13.472043986581626,2,0.0009556257418335988
6.1387929720106875,13.991876969060053,4,0.0
1.1753110423988615,3.0364793950586946,2,0.0036647279657425085
4.42878258168745,2.4393323174495327,5,0.0006356397280086625
6.5652936872717165,3.850135469809249,4,0.025107539672582713
6.236772414144568,10.380758854922416,4,0.0
1.4435992065790666,3.4181298731998764,4,0.0
3.2462037259886887,11.922441986302964,1,0.02146731828364583
5.067503231580147,11.896060204838639,1,0.07845630317838645
4.5605704486670104,9.17576303913691,2,0.014755969366895676
8.763486387540222,2.600296893593315,5,0.03097379404695585
9.27467441895095,11.28705591048772,2,0.008732773689722794
7.561610185433421,5.249058235952824,2,0.12845454391759484
8.618422893140806,2.608888922128777,1,18.30743829362401
6.4908021402099685,7.668953184331793,1,0.47093859077391964
7.139122869484342,9.662006531793963,1,0.17311575466904947
9.87083822482209,2.4512300960129103,1,18.923234882819823
6.719969664451474,3.5969850785962234,2,0.5497531566103647
2.341144187644826,12.158046525055221,5,0.0
7.710292255882765,14.75875840937448,3,0.00027879439172281734
8.785926932655038,13.025513829775814,3,0.0006109179899886447
5.165024365345496,5.392360953271194,5,0.0
7.365912849329228,2.7316485298645254,4,0.17358236899511692
3.3802735174445626,13.346458005347454,2,0.0034943014651217094
5.929783120268829,6.8730876934481815,1,0.6806639768409314
7.671473960533697,3.7910667832315044,5,0.0014366676746745142
1.3300080258336253,8.680365801433886,5,0.0
1.091392793329614,4.776502800814884,5,0.0
1.4532784755297599,13.376490144749562,5,0.0
2.5408257398367233,2.628633511131363,5,0.0
6.388367885530872,5.445297229565657,2,0.12824748697259725
6.1434017538807435,2.910287444991581,2,1.4977162057574647
5.1521678238593545,12.723974507536658,3,0.0001089682697712817
1.8016743063838236,14.612577101872617,4,0.0
2.3139495588998313,10.832462334403516,4,0.0
3.999570055421765,7.858138325946207,1,0.10727704359662539
5.616543646149013,5.900564743047255,3,0.01044682035073322
5.97442339059884,6.123290258768399,3,0.007482651712095913
7.120573343043513,4.265826045495007,1,8.570828931031526
7.4229810057690795,10.42779797981575,3,0.0007115621775734382
4.075719026532232,6.254516428397661,5,2.2014071029219046e-05
4.089198466198338,10.092252844483918,2,0.0034585367245061056
4.015598428833453,12.968306343009834,3,0.0
7.133879977684674,8.427788186401495,3,0.0033512821453822654
3.2999758846927567,7.088623823270591,5,0.0
7.474997776490055,9.173675852107015,5,0.0
3.784366691463475,10.437556908271496,1,0.07647767546425231
6.6748883513612265,3.7853930694403704,2,0.7294696895170535
1.9417267709531605,6.215228202641704,1,0.07813635248534312
3.855982063972482,10.257080143259929,5,0.0
3.158507338132149,2.0572590661755616,3,0.07567700167883726
4.3849493568619335,4.210923646989948,1,0.8471074368339533
5.7547998905240565,3.5869735054236296,3,0.023870005720098057
2.9048568631409437,7.73419246702126,5,0.0
4.841051594274857,11.410095224304536,4,0.0
1.8478678969229776,14.96792834955599,5,0.0
8.630064096630244,6.072943627028801,5,0.00022961305214830858
9.14890720822968,3.390942325546202,1,13.212505914680037
6.540715280100351,9.51669260330042,1,0.21762857495493168
1.6548820474875803,2.5092005620500726,2,0.04011107295521854
9.384500622127003,8.516044973387586,4,0.0021967606803897973
2.158512847939475,10.267508050292154,5,0.0
4.888771381455241,8.795745453840414,3,0.0018367985993091947
5.704025280352729,10.805507467232967,1,0.0893243889833263
3.9399198411474683,4.530634230178767,2,0.03719403021117794
7.531801258995013,11.792991588258218,4,0.0
9.758944426771807,8.136035083697529,2,0.049434971386325535
4.723537743302389,6.2510673611566805,4,0.00018845673483428079
2.428950579700107,12.372836552139585,1,0.016994146370661396
9.42395383811823,8.171726988012665,4,0.0010803856287042936
1.0932449044066592,5.658236163932804,2,0.001106028747260412
4.306513638368066,13.3062080555122,3,0.00015136382281441706
6.926262353982514,5.191557975912941,3,0.01596494911126958
9.804374980865495,3.910824599856192,4,0.05131773338001868
3.530056670769273,12.205314143667735,4,0.0
2.25875476107033,11.455200204666241,1,0.020274405658565395
7.254132707622632,4.466366071341068,3,0.024974745227190422
6.163047648131214,8.969878487408312,4,0.0
5.993137473288947,12.467912311985463,2,0.002955875268927968
5.660969887200155,2.962038030461476,5,0.0017061769363928964
4.319840280460884,13.991271003384819,2,0.0027015577246031226
6.03048437810109,3.07188698570667,3,0.13007233585916056
2.7789425959777123,2.22338365832983,3,0.017135706020079047
9.612273705640593,11.444723145293,1,0.644167901882952
8.135146907997683,8.37799496194151,4,0.000793380682692029
2.5982451129459085,12.654086477041421,2,0.0016935581278109295
4.012088664213051,4.988865001429852,1,0.9844876904855291
5.902797250463858,8.175798663996996,5,0.0
3.201628376375599,12.842427680677476,1,0.01758524738890418
1.3112420490500223,3.050074819228244,2,0.0010596570819398465
5.160329133934407,7.717350410409529,2,0.014088447713362803
4.1193506216326785,6.59662352688211,2,0.02402430596241498
7.206549815998988,2.2951794802657632,2,8.79078407856302
8.773198889170072,7.386906178796739,3,0.008557304033714146
7.757297358152178,8.69612596000867,2,0.021423588703250063
1.822425657382051,4.875592770737798,5,0.0
1.9646674365213146,5.783037721801372,5,0.0
1.335910516396514,5.837488047887176,1,0.04366147102797101
4.985410330918771,13.024335088483898,1,0.03004479703049466
1.930202765639888,10.942732376881771,4,0.0
5.445116226116026,3.0711141730079894,1,9.54697099367574
3.894421370162797,11.248623849850157,2,0.0029056263051592175
6.0749497366237,11.245189024468456,1,0.17474061288129428
8.373171500978055,8.192017678318091,4,7.324840759028525e-05
6.91312261082085,13.155985442792545,2,0.004691921568991976
9.515853358150466,13.42037089539638,3,0.001911148619735561
1.8824998956396977,4.905384839101968,3,0.0
3.2782672374255832,14.96402245155569,3,0.0
9.741325852763948,3.690721040587018,5,0.010151258175054214
3.4544033226943567,6.414859716744095,1,0.15563025117402196
3.71375968679493,8.001304556374928,1,0.05642961848911433
1.8455416506875584,13.969587098530534,4,0.0
8.775758061487608,7.632748966076828,5,0.00034192326340737344
3.5658343392585943,14.04041751181949,2,0.0015530555781999612
4.284194677227847,6.271105923489152,4,0.00025301985108787135
8.903121162180764,2.2677899615980093,5,0.18370796163985947
2.2227947545499,9.991754208589224,2,0.0007540398048117265
3.4160555798537615,9.793575679148486,2,0.002379464355881953
3.6191788955454296,3.7979949835203914,1,3.21424401983601
1.7548736031392982,5.384753626411016,3,0.0
1.57679731923216,6.230550813050979,4,0.0
5.005306296234389,3.19066859179293,1,8.95223223875981
1.2975062605855436,3.2748351906742177,3,0.0024154903364877306
1.2888229910972195,8.938649595803174,3,0.0
4.282019411192866,9.686446640766558,4,0.0
2.513861951563839,6.638667167347245,4,0.0
2.0511205644533805,10.755268912939567,5,0.0
4.570304920906391,4.416952402354491,2,0.12927853858153582
6.181331409404001,10.159404075985162,2,0.00810809510285393
3.6363641318970794,9.261115355139754,4,0.0
3.06865901717732,4.806959740765029,3,0.0024558842179050614
7.109590111210497,8.20249973942531,2,0.027964126682507195
5.599421671157857,3.084440963403959,4,0.02596049058125686
4.9643330717410405,13.153415892793133,1,0.08259383050185001
6.9367741680966795,8.596180437055992,3,0.001146593574650321
1.863676953531795,11.457124631835804,2,0.0006552399655813445
9.608789015866753,4.380716321707679,2,4.107136120871965
8.338873447324804,4.98925146635695,5,0.0025993746331743578
5.733321795405539,7.5955089101433675,3,0.004189536879692626
6.561713247755369,3.279641217148972,3,0.1215862109911391
5.405723935079476,6.697406264123482,4,0.0001045064091610918
2.620669878535588,12.136183400773902,1,0.019181261402667262
9.471291894024953,5.423058005168601,3,0.041124104459074606
9.183735698147425,6.5840258632540145,2,0.21347868978067777
5.741265754459155,10.523404175684059,5,0.0
2.2108789739893155,14.83654009443508,5,0.0
4.90239682667362,3.3394572730603156,4,0.001753037895516883
7.430610228113253,13.57419538674994,2,0.0036788578157122076
7.011287801466407,7.8265834532576495,3,0.001234806988012019
1.6895285939768958,14.425576883231178,2,0.0
3.974351950658826,13.59045178329276,4,0.0
4.915795698566125,14.625740290280053,4,0.0
9.689955907002147,10.752455571350623,2,0.026397079992167876
7.110222191190687,12.292613577534413,4,0.0
3.6573686923159907,13.10016167242996,4,0.0
4.099503740510398,9.402616189474447,4,0.0
9.75026098640609,10.838934029178933,5,0.0
7.936742435350088,5.728202022783633,1,8.074604419939424
3.4975984141206773,5.9965036560426075,5,0.0
7.361519572435733,4.484437530827023,2,0.24061749520501244
8.740619108865744,3.696570178494742,3,0.13436080072579812
1.4382817324384893,9.855822530853644,5,0.0
3.4696451557246273,9.873493442962497,1,0.04952337589915921
5.962694832932028,10.402361049565425,1,0.13231349875111673
1.7407510333493668,12.036474512954733,5,0.0
3.537608851286503,10.170759550923362,2,0.0031571954091770475
7.396631135805611,8.79456660247681,2,0.037208555523948646
8.3430274027838,10.535176100677212,1,0.3619547893387201
8.018289339574352,5.668135044365987,2,0.2362679784579456
4.907196261449553,13.895791279191474,2,0.001016459810946591
3.3069289744932777,13.004887465061426,4,0.0
3.218297218343595,8.987997011209814,4,0.0
3.451538629291023,3.1087578615625486,3,0.021263181294383354
3.5802869613214496,12.783195818510583,4,0.0
9.340047269470352,4.9740592896857105,2,1.7331381424229868
2.9035950925498075,4.507573962855074,2,0.03156620168043507
3.3552267229352544,14.83074669082565,1,0.01409167377507506
7.851474394814737,5.867884360935345,5,0.0002572176820149135
5.597694412107003,11.85288011584931,4,0.0
1.3691282096883712,2.7758125851408635,1,0.4139418133612011
1.874911864858153,6.83503005802049,2,0.002994536534320283
7.401387057076087,7.017787224717789,1,0.9956126107477248
3.7822070885422874,7.514367465596752,4,0.0
6.677279140123218,11.84883613135093,3,0.0003282274566910891
2.5692845766833035,13.618566309303802,1,0.011981374586604556
4.913348575190636,5.078891986423437,5,0.00037106492232246276
8.2612328036541,11.869271727932151,1,0.3812262577320181
8.493183921435186,6.890399680056026,3,0.00954281104677876
1.76226803320235,2.1128420399601415,3,0.01361863366675975
7.693005645438888,5.115269709172663,5,0.0005121236708662867
7.3614085238109865,2.9828499269644,4,0.05359488430307447
8.168664875779596,11.106600569301362,1,0.3555522569596963
8.256835743275012,13.590076172115532,2,0.004880827659317701
8.895326539050066,2.2929502423782315,2,10.305485697016252
1.3565010579382484,2.923065962991207,2,0.002051125335387555
5.382801137229077,11.23166675501371,3,0.002143539613452643
7.083434516560941,9.161547588272233,3,0.0019056812947902692
6.358555840362664,4.85791422141372,1,4.624105322569587
4.531631267876559,6.200963889900184,3,0.002093092811411556
6.793637921909166,5.630691026958993,5,0.00016799971335964398
2.6344702958458472,8.382598374011126,2,0.004831076334015194
2.3420407263619776,14.421728648591127,5,0.0
9.160997431379174,11.981686846353231,5,1.3888683948732478e-05
6.026412810654654,14.812793773721179,5,0.0
1.7777419874149498,3.1943038776462362,3,0.0023122842488552346
6.614253647588463,8.88020055191429,3,0.0019934029642611675
9.494779843048313,14.936428925653841,2,0.004677173236450746
3.011623099111718,12.673281642611746,5,0.0
1.2174668002193814,7.704308837753796,4,0.0
7.066025938807501,11.069591973370159,4,4.9464467982375744e-05
6.234220712472687,5.047169315421595,5,0.0
8.810283501077915,8.506923057047665,2,0.04095985036521634
3.610391937822807,6.084520641896756,3,0.0004310670584271441
6.149119054702385,2.8708272338988645,2,2.7649413671746856
9.4017483259891,3.0724059685634706,1,15.939433557140338
4.0967364461425335,4.967919697840383,2,0.03252627772063269
3.4416045373555217,2.908031182841803,3,0.021398534139349758
6.052598210504814,13.764114151724836,3,0.00030653562921693054
6.961947077675065,8.000633317046915,5,0.0
6.686128797578501,11.273321924589656,3,0.0012196820490030108
8.461001609351491,6.594602710201742,1,3.1950022379570404
6.838582180371548,2.2541609541147998,4,0.11574198653379289
3.318803064408637,2.314319488219471,4,0.022436899901752537
7.434568009088691,5.464802557110346,3,0.013329342727129727
8.833620753112314,4.997300631505461,5,0.004085714299872105
3.389756330978205,2.5931733053841346,2,0.34144598900363216
8.710847365314187,14.488776623633038,2,0.004947585046075571
2.8662405139762024,3.7831727310625585,3,0.0023798768789773475
1.9971703353922687,2.7235737932242507,4,0.0
4.480759863495969,2.447035129160537,1,11.917797881073998
5.070850360177412,10.668215518128132,2,0.0028511766396980645
4.103270827262943,6.68625657623983,4,0.0
9.928820989299524,12.701775797650225,2,0.013138381911500449
9.78953117367407,4.189966029161353,4,0.030717313419847347
2.672713811324184,9.48347905070043,1,0.02982246172337017
1.8049019002294462,2.160549939372288,5,0.0
6.425035459791401,8.092446956297868,3,0.002261501940265816
8.426285296135203,3.0564770192729216,5,0.014810401440687937
3.6350274147598145,9.272636466451065,1,0.06320201958490893
1.7105189965307848,11.773284221015246,3,0.0
4.825261642215122,9.394796144158741,5,0.0
7.8342012505900716,12.230695159674164,5,0.0
2.6719263877840733,12.178075977624696,1,0.019277504879271084
5.330876840765876,7.412734618406405,2,0.010388239365360203
1.0979689181674157,7.8701692310581235,3,0.0
5.699298577970085,9.352570941608455,4,0.0
8.20031672691353,5.78389899215656,4,0.0012302982009453345
5.238713437981078,14.868153203433767,5,0.0
8.68854139428769,6.754433911805759,1,3.1216458288867006
4.420252737482784,10.416870085784206,5,0.0
6.602971442382776,12.900619744114532,5,0.0
2.1290677379441423,11.144564812603049,2,0.0004373379650826288
7.2912499716004975,6.3940278369947166,5,0.0
6.6221541014319545,2.466387329697903,5,0.020383578356470693
3.865200201146824,13.047673813904773,1,0.02312224518442582
2.8091783536929213,14.952895087599478,5,0.0
3.744518858318317,4.845400279379724,3,0.0041054746697743475
6.599846977494334,3.7147716158867192,4,0.012493929670990767
2.240252375367504,9.149872021425335,1,0.034168737958463286
3.0277027664326805,2.264699418164758,2,0.08549909029901531
2.685678028185753,12.60396782697218,3,0.0
1.40140280647507,9.023058228933929,5,0.0
7.3030613899116705,7.946672248026972,5,2.8261378657147032e-05
9.480169210109754,9.01223386797,1,1.6305228109996197
8.934362192965605,12.769973232702277,3,0.0008889826913968853
2.864483050348849,11.777689840089963,5,0.0
3.8626287804400548,14.738087102696488,3,0.0
3.7212843718982502,3.754939799056089,5,0.0
1.7520260036979514,8.918038169356095,5,0.0
3.299629607943331,14.568547561091835,5,0.0
6.138314317972533,7.711761522716013,4,0.0001966840142189592
6.099971883569202,3.8813601585184276,5,0.006515477151655231
9.256449455272616,8.12978152916822,1,1.5019895544868425
6.618741273050514,12.521477594563535,4,8.488203355730443e-05
8.421816956126005,9.303161023534262,1,0.4670428418649635
3.7299797173167852,13.12734325596308,3,0.0
3.4111196124498147,5.114275999054855,4,0.0
5.800766178701244,6.208668209700025,3,0.004418226592505121
7.398457753708576,5.234258159990141,5,0.002432996032335362
6.498438897653738,8.098405603355122,5,0.0
8.271284799974122,13.333885347170378,5,0.0
7.113010813668916,3.0560968444280436,5,0.031317626280191684
9.090319225689584,3.250017941757532,4,0.2668843052240678
7.040121548954241,6.342767054080044,3,0.0042490161963780575
9.39254759000639,4.105829179191126,5,0.002496751999892196
6.133595714209352,7.784247037280913,2,0.01881177393464316
4.8535452231441125,8.054540327088743,1,0.11575512377092693
6.470767257540823,5.631641343574186,5,9.120136127961526e-05
2.4792819595848723,5.508727802747322,3,5.5126679394205235e-05
9.696294724117895,13.99771087611626,5,0.0
1.276911412747043,5.481017279046239,3,0.0
5.280794639008961,4.92773314535986,4,0.004611361685188437
9.599090599305892,14.037610357303668,4,0.0
8.38336802102744,13.963662954201396,3,0.0006643441813044839
5.187569349038376,14.667888787537889,1,0.04120174918648978
7.329077574431303,13.022476120742947,4,4.1827339717241525e-05
6.638761899619982,3.3319299854719135,4,0.012084481606696503
1.8704231847977675,13.613921023008093,1,0.011502277846230353
9.32563620266185,8.973432251405804,4,0.0018139510069644048
8.124073524114536,13.631328999643133,4,4.467069838997399e-05
7.139830163206799,9.916338141130439,1,0.14221650763091254
9.079839356449032,14.131855546920297,1,0.22021844538949192
3.2355470105484487,7.290493115227593,5,0.0
1.2825442367738513,9.562550120533288,1,0.026578068198764418
6.094404769599947,13.557388206904912,5,0.0
4.697748570618986,7.77795894277673,1,0.23291406451299415
4.500500377244517,3.6460140057613417,2,0.15068938441161622
4.75124550852528,6.448423017372799,2,0.014093773456774084
2.143034310729665,12.555503728188116,3,0.0
2.406135665123651,14.375795902072323,2,0.0
4.511342916705716,11.979009451360602,1,0.0686931530016994
7.536283750187777,11.599674634522062,1,0.13851971026948978
9.648751458491176,11.03020887149978,4,0.00014250498473652716
6.902661452959572,9.124393441317576,3,0.00233150220377833
5.909021957085813,4.414527176037369,2,0.2064824358920129
7.421616386651684,5.804777987799288,2,0.15982324143075008
1.594551769173079,14.326697645296102,4,0.0
3.3289353133713733,8.27861628161005,5,0.0
1.865749034373979,7.769567358337284,3,0.0
8.684129098110702,11.71694117607046,2,0.0147697421644657
6.839453052023014,2.53441664068663,4,0.08646443982432468
3.284479483400315,12.4203990572421,1,0.030971683802488163
8.753161696417852,5.128103770085207,3,0.027050903961013804
7.021128848493535,9.180508767251204,5,0.0
6.952435967892656,12.57919453879073,5,4.5125220592635696e-05
8.614975518412647,8.90080606274485,4,0.0004765339572851309
9.649760358340746,8.44374163526496,4,0.002545851604424643
8.034362144711919,11.03969297124846,4,6.373671939079256e-05
4.441913060881281,3.3484350247205867,5,0.0
3.885629543285462,8.075105568902844,3,0.00011335673095436913
3.171829877022787,8.333370694771205,1,0.07291819786460767
2.388322312476009,7.084494414929656,5,0.0
2.4766872292271405,8.490285911784337,3,0.0
6.589770654656625,7.413070507471995,2,0.016378825310622222
1.2924054500849054,3.948124218339135,3,0.0
5.5735100174445815,7.282952616405705,1,0.39108575984617006
5.283202656092447,7.801394114057928,2,0.009420987958932835
2.839034683100253,14.770369459117376,3,0.0
8.806608375659192,3.4884656114076877,5,0.020733250013805802
3.7798062970606647,3.7888374047626896,2,0.06437724229373741
5.076894251802004,10.10087128195501,1,0.0711048577716061
9.721502635537677,14.938900009133693,4,5.4086796998245e-05
6.533509099768043,11.726130815859003,3,4.688522843623311e-05
5.831562563102056,2.0639595988271116,3,1.3125135990780603
2.3683255686261435,3.1704148215982095,3,0.0007464409095570523
1.9849086134828584,9.848668611438676,2,0.00040915632779238686
9.978204308211753,5.841163205828938,1,11.251198294324045
5.632356077397903,9.204949858213167,2,0.006823412761116151
7.59006224400671,12.281891330655583,5,0.0
9.15476487691249,13.151982625077975,3,0.002020454786210973
4.8189148567200855,13.06366513059336,5,0.0
8.673520724721438,4.9295954795107875,2,0.34313593823431315
6.464070719404903,3.2175197232543367,3,0.09924857554735513
2.1061381304074747,11.25730796024981,1,0.03248715528098306
9.898422750030074,14.504478772110144,5,0.0
4.608628835815097,4.633386604658472,4,0.001127551217433139
3.0022125910793895,13.280974584720724,5,0.0
5.911239664341757,12.037419313850771,1,0.0737954306157539
1.294078396369046,12.12075596100677,2,0.0
5.128601919344492,13.838011780587076,5,0.0
4.607982855917773,13.315351470422756,2,0.0027052044074530554
4.51841279847246,7.135066959489976,3,0.001164990377646686
5.50950190311969,4.749047832822555,1,7.141526116765564
9.252076111689943,5.611611707266856,1,9.175470024358404
5.322357636768324,11.955051231260365,5,0.0
4.938753920654406,6.461493224652886,1,0.6318783573720526
4.189217037296759,6.11290574604,2,0.023702871691194446
4.2162636778914395,6.816208743476407,5,0.0
2.404381179206445,3.818600794141546,3,0.00497654019010961
8.011616606736396,9.813734132596299,2,0.021777999645441054
3.962254032858736,4.582275632628413,5,0.0
4.9251950783422505,7.732160976933023,2,0.013885703388941429
5.214954890742213,2.1030690823441875,3,1.0922418074997196
1.8297955919883229,3.6020366900994563,3,0.0017687035249412807
5.137018373754996,11.244552207723697,5,0.0
4.388849346336485,11.067251787027928,1,0.04398911489747243
4.089836882965601,12.254216361286039,1,0.02397371946090461
8.379594293069626,7.936588804953249,5,8.145836456541714e-05
3.5667492077793765,2.724742028540709,2,0.1909732074574382
6.069404817394906,14.374748786037232,1,0.07989834235838172
7.1099546124463595,4.042070832069367,1,11.311943119040988
1.8899121201200322,11.826652177047087,1,0.010045701432942823
4.975482399906945,11.593059694311258,4,0.000434731041905314
8.890654816427244,5.923963580394516,3,0.026838897462275125
4.516201072437237,3.066011987333025,3,0.04521779972047324
8.328265690662667,13.738924783443439,5,0.0
3.489813626486657,11.926495310511292,3,0.0005639365661522103
3.2580077874324522,7.399279371278714,3,0.0
8.594803060909669,4.839611774657414,1,14.261576698152497
7.141649880747956,10.147763101071707,2,0.009521499723789779
4.49185595820072,12.623675092956589,4,0.0
6.499003487828797,12.193375083566833,3,0.0011945566772789103
7.7655309098587635,6.12706125135416,3,0.012506243766735644
7.6782087137219905,9.95276657360316,4,6.03098865270217e-05
9.290719402640674,10.944014836157343,5,0.0
9.159737819654454,2.1059818443554903,4,3.8110074934741816
9.380576942663932,3.7167432565789342,3,0.5687367001847579
7.007649478455234,9.62010822725688,1,0.2514539790371036
9.448388510951478,4.057494942735238,3,0.14936303560983175
7.25919761501523,5.285784650666882,2,0.15447927046086715
5.951207344003638,11.291274904443169,4,0.0
2.1630154648719593,3.113528684633165,5,0.0
5.782073492312869,11.148468661680306,1,0.09185304070793729
1.671290053924721,3.412805287342387,2,0.0049138459645746285
7.692814153299988,9.804067321982023,2,0.014115912356409488
3.034835965275213,11.702108292282405,2,0.0011818039885846089
9.256296793734277,12.273177085917249,3,0.001640115212887913
1.0277681841099338,3.0838436948137575,1,0.09427818835771402
3.006877084941951,14.730101285274756,1,0.0210130015394704
2.2372952237723918,5.326188230222069,3,0.0
3.2241756165503395,9.980271293402517,4,0.0
2.006447424354408,4.772930906623509,2,0.02213330744868703
3.661576249936286,12.535763430710674,3,0.0
4.284135940742598,14.006166195852183,4,0.0
8.414552133339178,8.495297470874085,4,4.77410380147241e-05
7.028154171115082,11.271237881563293,3,0.0006699304035016157
2.1064121314136766,11.88403376264077,4,0.0
3.347589758675976,9.320943257801265,1,0.11738389305368868
3.5649923150529585,4.393510207385733,4,0.0
2.1597796932829803,2.277814819822468,5,0.0
2.6953190909645093,2.0258870963233937,3,0.030798126670229263
6.656841343879167,14.292303749085228,1,0.08087590135688336
9.749922398964891,12.485370039500843,4,0.0006788662483180628
7.671952942945621,4.587386571553544,4,0.003950235393625107
7.109297606049313,6.1945040740668675,2,0.04763816707713427
1.2723101561348136,12.377386360995438,2,0.0
1.2442224041421346,11.033470240088914,4,0.0
3.976818363449723,3.9236156482097213,4,0.0
7.3367000592418385,6.790713902766822,2,0.03610166257366985
4.319461742166254,8.792716628737669,2,0.0027363216834079265
3.360217532509248,7.716889647179417,2,0.009260889142215643
6.40648411362469,11.492470283763762,4,0.00016333802586807145
9.316322257544265,6.2331108770128125,4,0.0027803231367190674
5.077805877100844,4.316055963913884,5,0.0
3.641567788456547,3.349107482990686,5,0.0
9.444639887580546,13.670374211453101,5,0.0
1.4793126601053566,7.723463444317838,1,0.007305829958078218
3.8368646318386785,9.267986468412529,5,0.0
9.745134753627278,14.089145700252278,2,0.013116589599027223
5.036651232235113,11.35358681182697,3,0.0003925060084714845
4.704547502308138,14.377704665573297,5,0.0
7.562177329183787,10.620693012329895,3,0.00044782988415782514
2.9720409476057617,8.615669049212078,1,0.10272392904305011
2.9127414322336356,5.065667439522972,5,0.00027272908857821603
3.9092798845365286,13.928041162378314,4,0.0
6.832986833976115,6.040147906493332,3,0.0046185832766663356
9.830719133294235,14.395508873969927,4,0.00011024284644523127
7.003505591847653,6.12619719062072,3,0.011275792202887384
1.8661117713826092,10.257856005763998,4,0.0
5.564533280793791,14.288188941190018,2,0.0035940337034394824
8.45015334044906,11.576406260285818,5,0.0
9.251067928128762,7.48726963182426,1,6.082149285368163
4.067109095463539,2.3542061876699405,5,0.0007758058023323036
7.217903121356811,9.729771514333242,3,0.004493946119713336
5.31603665455268,13.615962297515207,1,0.05317117295546558
9.806205027136743,10.094875326529714,2,0.024477991592004294
8.950301129088004,4.4879110931585675,5,0.006723915557812586
2.6165821519347063,9.046895040714283,4,0.0
8.008851170247855,9.907452469581505,5,0.0
8.368374310597924,6.273019445493049,1,7.005027870487315
3.32431458267852,3.0889272914549513,4,0.002083713187101736
5.502353570189558,3.236992343996049,5,0.0017460620547578931
9.763352682008573,3.6040378456129174,4,0.06861282494552094
2.7845086345156744,11.307735435662202,4,0.0
5.310253113866528,6.002985715338348,5,0.0004639779250829154
7.515776278202943,13.901857574495441,4,0.0
5.614471527558863,9.67526436385897,5,0.0
5.294235046928554,13.51492757211518,4,0.0
2.548455082170228,8.306905892586393,5,0.0
5.893047455413157,3.6684993473943655,4,0.003436196851148458
7.233831093425632,7.594241841928079,1,1.17021585793643
3.2912236347322605,7.772578748775528,2,0.0036711832496634615
1.2843914692421095,6.448083981011419,3,0.0
8.762556391640164,6.4904096577175405,4,0.004628215011186871
6.129964284762062,11.3070544887815,2,0.0054895432259784846
8.567556297554006,10.127374313385582,4,0.00019349165769103201
4.599339376640937,3.9473428824805907,5,7.798339249954772e-05
1.2596023154454286,3.4327684290117713,5,0.0
5.575325304554408,10.575236803291812,1,0.11736254341521105
4.403448990522592,2.702671125284964,3,0.06762369389166496
2.8257866983149573,11.051906194150382,1,0.026212270384562673
8.874600535401736,10.698691375722245,3,0.0024111476576025074
7.157947899095507,11.481566640569659,4,0.00010302273190068615
2.9280313010502357,11.049319809052353,2,0.003118404571626093
7.131766786138125,10.44462005346,3,0.0011348587793387358
2.0508199300927235,6.213817586467622,5,0.0
3.1371553304184396,12.850547023304577,1,0.03032856143004721
3.4309881105250213,11.842595700428683,1,0.03787664051524096
7.822950000925638,4.1707753729797865,3,0.05566499392753849
9.46260429322244,6.9331854575729555,3,0.011627478161706119
8.439393197317433,10.469980807338924,1,0.20201556633059825
2.6638995511626122,6.354368049711543,4,8.801124857270916e-05
5.54761575300101,2.9637958463396337,2,1.505191137772063
8.796970242326022,2.5121734523673176,2,8.0249008058058
2.9196259552833843,5.187892424283332,1,0.12233279985703045
7.1067817673494655,8.433456105664419,2,0.02796929533243348
2.4442437241745627,14.102147369989982,3,0.0
3.1711767251157865,4.402123973056598,3,0.0018572410980041342
7.671360635407443,5.032563355938304,2,0.16857907652158471
7.252616265838248,12.470874918462108,3,0.00022834703254554617
2.701517435753524,13.31962802593089,2,0.0001954100459717674
2.6931130783302297,3.5438702006797156,2,0.07107157559582457
1.5555865757561043,12.716807568958883,1,0.008879585682133624
2.359403820952895,4.587150147857497,2,0.008418049673673675
1.5354170537633487,4.23054765504934,1,0.15742911414773778
2.6846864060680145,8.527303645471093,2,0.0024002411040172124
7.649905217533419,2.354419708794711,3,1.3635635590061985
2.735685447539657,14.828669888207527,5,0.0
4.121689253221552,14.742241702921616,4,0.0
7.04669250724944,5.902236816557748,4,0.000543053360508594
7.116654438211145,9.524575066579779,5,0.0
5.247735623548037,3.088159998656502,1,6.670629369902387
5.857411424273433,12.00947432132733,2,0.002954596369670812
9.132476086661512,13.857135335133002,2,0.004160062024011516
6.069113663290073,7.405839913027928,1,0.7268792970245055
4.961769166847908,9.737244741118669,3,0.0001287700008782249
1.249713880030853,7.627089411016453,3,0.0
8.346494973607598,2.561661088255244,4,0.3283928192423429
4.7035754444784335,13.813420112418235,2,0.0019480462590723158
9.675384815220216,10.922886636566162,4,0.000142837370691676
2.2681067859070336,7.4998286418828375,3,0.0
9.983775542765372,2.305389017599344,5,0.2034188380931871
1.91944372365319,4.197873190310522,2,0.02812999292136531
5.76570930360638,10.701783825021131,1,0.10965963568711107
9.936997674930524,9.844351662648226,3,0.007934707722083347
2.944158559872041,8.118780176324746,1,0.07024660546218434
8.824425278654584,2.7721111639683285,2,7.898677560374306
9.658676753389352,5.138475625610688,1,11.14171216662521
6.862732356217831,10.369934234390694,1,0.27064595695684557
6.768424019149741,2.7172773703814146,5,0.008403606489731626
4.0742293887772805,12.1842426654073,2,0.0009255765652054081
4.010154811948562,4.910469148526596,2,0.02913886925698157
1.9754967981294063,11.930195648407983,3,0.0
4.580857825279315,9.809080432051584,5,0.0
2.329492743852235,14.965172009071292,4,0.0
1.6401198173370752,11.015095372762557,3,0.0
3.3279392954429294,11.358086331118303,4,0.0
2.546637252223762,10.763459682701708,2,0.00035675134361006617
9.673938144421319,12.159434539288835,5,0.0
7.947647031205599,10.759633228709763,5,0.00025155259980523146
1.559141923446541,7.365952632688596,1,0.02540952531670598
5.978765633832408,9.981403399652141,2,0.00594057930218427
2.5722673276492087,11.526017135729496,1,0.03978257473539571
8.043722851124585,2.870991297429905,2,8.27803001691801
4.758931192138799,4.0249173244558225,5,3.0800648203216786e-05
2.165431395730584,12.682522619930154,4,0.0
6.863996159537925,8.923988406564686,4,0.00015742086587826033
2.396784102893063,14.15145624636628,2,0.00021049630686661882
5.005053500004139,12.727692352289715,5,0.0
6.6917931472375205,5.71554190189023,4,0.002376782002587162
2.693567743389842,3.799251956488259,2,0.02525713129711698
7.437347635994,5.918094968397232,1,6.45393654519905
7.1287831431623045,9.723162964610635,1,0.30244441585238896
5.254202408633851,5.042853925484113,3,0.00514048418555197
2.215208752588791,4.1653116113887645,1,0.16290929301714574
7.172476732458776,13.537949637707275,3,0.00026888248760423023
9.10259264768433,6.291785270638311,3,0.017330746989691732
4.01504494882432,12.475411971720051,3,0.00019480951567845837
2.138729363175557,9.431772593013346,4,0.0
1.397650959148278,2.964000849471445,5,0.0
9.622871784978566,5.232430126897318,1,10.847941984666729
4.783627935303005,9.604481079412558,4,0.0
5.500618842850804,6.558026323913154,5,9.282735851476731e-05
9.051358724799195,11.479346770987753,3,0.0023022381927833087
1.7656826092281745,3.776543629177808,1,0.15083994463203573
1.82877526681883,13.197290211728493,5,0.0
1.5679375955525605,11.483716482667072,5,0.0
4.209443820151492,8.567926606500018,2,0.007559902685541472
3.0694955146911442,9.14049841213437,1,0.048140989600836404
4.948237073382439,3.316080828048428,1,8.419481554572783
9.81553764634416,12.080930391849542,5,4.3079894099423085e-05
1.2621627344618238,9.61490855576718,3,0.0
3.237883470518417,2.20950456636809,5,2.866459065001047e-07
2.445860573525467,14.724175021935832,1,0.026652122279646865
3.0992612186853754,2.536891430173435,3,0.020790031830463643
1.886310263361068,8.898539078832577,1,0.024162718464138783
2.3281073424831042,10.828925961192802,1,0.03823889499020623
9.882798441922942,5.350454304743984,5,0.0018616909183349119
1.4349356966180689,4.919623708659163,4,0.0
2.286937386600476,7.13410803876212,1,0.06473613164294702
3.0731020064909265,13.13518712340369,2,0.0
6.642878883576225,6.178115618037025,5,0.0
6.9057306757142625,6.292238599652589,1,1.4283978469084722
7.310660029528007,10.051314674935982,4,0.0002379066787208677
1.9889381981164176,4.6618212412934845,5,0.0
4.176100854123568,9.061136406974185,3,0.0
5.278314470935912,7.101814227745901,3,0.002444595954541574
7.38376408731751,3.847368416254332,4,0.04394954816183154
9.801668890985466,5.490277255199688,5,0.0025210082273923835
5.557151026180351,4.895434658033203,4,0.0003526214990095288
7.632584458973422,7.614943664690302,2,0.05046875907721805
7.6828830437417235,2.281027964246718,5,0.13117229198404293
8.6394919292496,2.939539099107935,1,16.889293209693445
8.224964803194037,10.792216833253663,3,0.0014414685402139504
4.534131352323244,7.626988009147927,5,0.0
8.153897702781196,11.6161843320224,1,0.15641946294669923
7.714345527768183,6.875475457361692,4,0.0028432801419774017
7.691395561118998,11.13245806093591,2,0.010382548576338661
1.734180399386962,6.619846969361653,4,0.0
2.361481789395921,2.751450863158399,1,0.8702294228153062
4.263138726604372,14.974724530955129,3,0.0
4.990894622347055,13.519628231491264,4,0.0
7.074254868014341,9.188120275070865,3,0.003525879700751159
6.736257517031984,9.690652363968324,2,0.013362516024994782
6.264897647492505,13.797506654206218,4,0.0
9.281690716001197,2.6996647258574447,2,8.589233187805123
6.58754936750055,9.226565270622437,3,0.001006400513410651
7.147655588748005,8.929292609656759,3,0.0017265725859404374
6.599993247945541,14.427345640650843,4,0.0
2.3131457360691003,12.913515025477947,5,0.0
9.067129039096697,3.976530508073521,1,11.657521806324493
6.684516867101723,8.323674387634192,5,0.0
2.4393590368863904,12.674465671143999,5,0.0
2.1295594942687233,8.989715005817803,2,0.0004950857554826083
7.561709401773967,9.244034005991,1,0.32037121749507097
5.019288744221708,11.043575247878834,4,0.0
7.652316741120499,7.843757188773217,2,0.0316779461245574
6.888746649312363,9.784310890081613,1,0.13234660231593537
9.183162792731878,3.256637503832129,1,15.784881333600834
6.327638097322696,10.826627232961295,4,0.0
2.7543117412208096,12.538490452440547,2,0.0
5.547880048997444,3.9228246437807424,1,5.386465372064293
9.979171808379288,10.090463492109768,2,0.03219382656485666
3.483184320646029,6.478867898094945,1,0.1761183582303848
5.086614337853483,13.340114703210116,5,0.0
7.825339619081975,2.4239762328002024,4,0.5033971774712186
2.88727394556548,8.09337259051144,5,0.0
8.040196528522909,14.113178826870243,5,0.0
9.59653085630842,7.432604325512668,1,5.150031037257374
7.479543342633579,7.545200151416741,3,0.009824271657262594
9.917019919421477,13.005039239669985,4,0.0
4.52941726342047,5.488159639347619,1,0.872869057629979
4.61950569583764,9.907470433575881,4,3.550583590099521e-05
6.18243882430376,2.488253418483555,1,12.974409626422352
3.16327846662694,3.2485343331936245,4,0.0021072393475151893
9.283463363162594,14.542624426151942,1,0.11334180666081027
7.740207446020992,4.496172411637362,2,1.3127572351229366
8.843939471755927,3.1380306642870615,1,14.679177907482174
3.2037781569175023,9.752442122785101,1,0.0240214317732378
1.5414761868314613,12.294933050663118,2,0.0004342921937102963
1.0657483034815713,10.069013361637523,2,0.0
2.107319853185007,11.158167922479281,3,0.0
7.44393419153984,14.184445767672633,4,2.476646544900115e-05
3.4977356834103164,13.802700991080982,4,0.0
8.403018064280714,4.643537390406328,5,0.0008386597653347906
8.156423590149993,6.549606525044714,2,0.18052799176652257
1.1748197307931085,11.4563846115573,2,0.0001605694311880963
9.155821256540166,4.574005711713457,1,13.83642259807241
7.216239646654469,9.393011228463543,1,0.4004995697438471
2.880562731410852,5.359511196540832,3,0.0
1.2376533323830037,11.212863557310845,1,0.00832808152753282
7.445744247045362,14.338495826376688,4,0.0
7.473443015043184,10.720314957250153,1,0.32242148006259724
7.642854620090441,12.764219434906359,2,0.0034697839941724823
2.8856699436095132,12.655857009601615,1,0.021414578544599654
8.330563221973067,9.278620874879675,2,0.02020704193388117
7.7572545594870945,11.576551905616173,1,0.11855170362951227
8.905900153423309,13.031109218643907,3,0.00073459200037185
2.5221259422242004,7.278256114163668,2,0.0019161692763467288
5.992996766846913,10.538963850144366,4,0.0
6.960044263875747,9.973694491454932,5,0.0
1.3182381830995464,7.025877615274019,3,0.0
7.54334321683884,12.005288661320362,1,0.11557767212948604
5.824026264682259,5.443235859240449,2,0.046066355623815204
7.034577080252819,3.548980893866432,2,1.336847681064758
2.842021856121145,8.533973865462597,3,0.0
3.2208198049669132,11.724264282634348,4,0.0
4.591745178601741,7.780734340021615,2,0.013226473179468195
5.046063609090183,6.373088625511973,2,0.021663403792559932
8.364641878216013,6.219112912223533,4,0.0026211304918793443
8.279006359963567,13.405225810608517,1,0.06599320553954348
2.7523410352768023,2.3557987780203278,1,2.7143380546694678
1.454203924247465,13.17153004462331,5,0.0
8.495751475595885,3.970907214833785,5,0.0005300075207456558
9.49854582302652,3.4923683878392056,2,7.30956790995026
2.5645411462476155,6.175133056502994,5,0.0
1.393649637856212,11.711067815296023,5,0.0
2.9155915675786095,4.269994347930023,2,0.02081754263756672
9.448146584507965,4.020459824720506,2,5.630719246888068
8.224883828573772,14.067481485392317,4,4.4907394344189765e-05
4.499976489544386,10.067863360073016,2,0.004185590044914258
1.9841203607285813,2.306849231238785,2,0.29618641626997616
5.788616641135178,8.11734693884419,5,0.0
2.8917389829251117,8.540644298827576,2,0.0032391631030623575
5.7426452847095595,6.612845981461763,1,0.6637575254895879
4.233293417241014,7.965240470666236,4,0.0
6.698112543696617,12.070520967825303,2,0.004655859431433041
9.806848932800662,13.594697987019407,1,0.12193658225861072
3.280721100675777,3.3409860431362297,5,0.0
7.74057477908587,3.7889337646391654,4,0.01588809141372152
7.217207445773004,12.261278324961374,4,4.278762942950648e-06
2.3114347367511856,8.829575611076105,3,0.0
6.482807523943409,10.571720269927651,5,0.0
4.835885701630398,10.253242477747003,3,0.00015475095805268096
7.4911446208746275,10.481135822918887,4,0.0002535408240229274
8.137255044682249,14.33720662347456,5,0.0
5.569026098528638,11.28073432553756,4,3.701743286733483e-05
6.69139812615071,13.842501537889746,2,0.0032712886967864556
7.0009651564956625,5.910167020804677,4,0.0006466964676727168
7.832423830283313,2.66268380340549,5,0.0361617191897486
4.756141378580889,10.384561027503736,1,0.08944072136295111
7.020596386305001,7.853115049252141,2,0.043692085896073936
1.875867368780701,5.747014032742116,4,0.0
6.340150965809527,5.420579392434469,4,0.0014032936320289582
3.599333550650453,13.017025552157474,5,0.0
8.701004263639684,6.095874915929484,3,0.023951247036157978
5.446681349873162,4.658235122651227,4,0.0013586254093087818
8.645869738817048,6.840324339395542,1,5.1675960195908806
6.2892808441560994,4.162288462113562,1,7.438785834483287
7.776425411688107,14.91660094912756,4,2.32281050382656e-05
2.8553135032113444,5.887163612940258,1,0.12955728434847
7.240208439200418,7.877743421984809,5,0.0001644088191688694
4.628676964364178,3.5983582354466432,5,0.0
9.498022292081897,5.2423836879991645,1,12.31024166155294
6.872275415543475,4.750428939184854,5,0.0027922911138165956
9.094467462236121,6.434386422834389,1,6.015266699049026
3.576156654094552,14.624051443703094,3,0.0
7.072374905202963,4.324563807799303,1,11.196645414492437
5.660969855066098,3.7642650079935116,5,0.0012536688432007556
2.7358653020847172,2.949373351392036,3,0.052058843511526516
8.27055696761098,13.405368792826659,5,0.0
7.868601448606318,5.504047009943369,1,4.329772673244364
2.7343755659111952,8.233242737472448,1,0.042658334775780404
1.200546530970942,5.53014067186407,2,0.0
3.9627221812549984,14.279153443167031,4,0.00013044520723245166
9.331314553314632,12.687783174090175,2,0.019078740892279036
4.777790611691956,13.11390625951473,2,0.004439968434102665
4.470666739391359,10.435886381156067,5,0.0
8.664511867809015,8.245990328904796,4,0.0017568436465250064
3.405923075172215,12.418036182932383,3,0.0
8.673118573223336,11.9660196557869,2,0.01233450676108044
8.947115880027507,12.268861784255005,4,0.00013408094398110432
7.21622253355935,11.253958526535369,1,0.1303652209841479
3.5184816489077426,7.966819621960097,3,0.00015459776449379208
8.33900318526819,5.50380530047325,2,0.1510410850690276
6.1390688543227085,3.5280478347962267,3,0.0597800738070018
7.834496148431456,11.347287375885788,1,0.21121935148852744
9.164877932831498,9.081637386016745,3,0.0028168088013357253
9.356093616903273,4.515334413890339,5,0.004722836167988516
2.502060673748601,8.062077211540583,3,0.0
2.899969804181082,4.398222860139284,3,0.0033028490198071018
5.177778103371715,8.600230604725649,4,0.0001435586086634469
2.302051776083881,6.077985567388931,4,0.0
1.0232705953006924,14.755966365732014,1,0.002104853921454877
5.258066574415718,3.941543694988955,3,0.024379859872475672
4.946582369472306,8.976739761696912,4,0.0
7.855427390376005,4.700218933076439,3,0.05761121637536339
7.643383075237997,13.045159214837009,4,6.993524990973357e-05
4.274626043931563,2.525363700570608,4,0.006519652510281264
2.852784712442435,8.968591383864432,1,0.058187037090795965
8.718819727680955,3.1521648794277137,2,8.335458532538052
4.371800176433887,6.0919642761897315,1,0.1504914373321728
